,Date,actual,forecast,ID
0,2014-10-01,24.0,21.738685068471924,0
1,2014-10-02,38.0,56.472857718692765,1
2,2014-10-03,55.0,47.389925052914776,2
3,2014-10-04,54.0,66.29958793215604,3
4,2014-10-05,54.0,71.05876419848073,4
5,2014-12-06,24.04,71.02213184847082,5
6,2014-12-07,64.0,33.486636922494455,6
7,2014-12-08,62.49,76.0852718498596,7
8,2014-12-09,32.0,74.38991837195806,8
9,2014-12-10,33.0,44.378247688326915,9
10,2014-12-11,30.96,45.49940218876566,10
11,2014-12-12,27.43,43.323725145967686,11
12,2014-12-13,20.05,40.1681604446202,12
13,2014-12-14,20.0,32.99786988598674,13
14,2014-12-15,27.02,33.30512748912766,14
15,2014-12-16,42.0,39.3948345719997,15
16,2014-12-17,48.88,54.130222182238,16
17,2014-12-18,59.49,60.737055094651126,17
18,2014-12-19,51.7,71.77058643523105,18
19,2014-12-20,56.0,64.204951755381,19
20,2014-12-21,44.0,68.48163861656701,20
21,2014-12-22,60.35,56.13280515182884,21
22,2014-12-23,53.6,72.55072964593225,22
23,2014-12-24,28.0,64.6139986015217,23
24,2014-12-25,63.13,38.466836442683736,24
25,2014-12-26,78.0,74.49035605010718,25
26,2014-12-27,50.75,89.52299154241699,26
27,2014-12-28,31.87,61.98616419108104,27
28,2014-12-29,37.98,42.89477999904413,28
29,2014-12-30,50.69,49.02018564480635,29
30,2014-12-31,83.98,61.81020304035944,30
31,2015-01-01,99.83,95.34244358843029,31
32,2015-01-02,86.02,111.30998346199243,32
33,2015-01-03,72.44,97.58275541231146,33
34,2015-01-04,68.0,84.08749322218785,34
35,2015-01-05,76.62,79.78629640805866,35
36,2015-01-06,79.81,88.40431689484618,36
37,2015-01-07,85.0,91.3986644059616,37
38,2015-01-08,78.21,96.74795931400605,38
39,2015-01-09,38.0,90.13841341222417,39
40,2015-01-10,14.0,44.04955331157274,40
41,2015-01-11,36.0,21.884953101654283,41
42,2015-01-12,59.27,47.97324827601797,42
43,2015-01-13,81.48,71.25614058721649,43
44,2015-01-14,111.19,93.45956551962034,44
45,2015-01-15,111.19,123.20810020021844,45
46,2015-01-16,106.09,123.20810020021844,46
47,2015-01-17,130.0,118.14004503053548,47
48,2015-01-18,132.24,142.0950075825455,48
49,2015-01-19,139.35,144.34254139826788,49
50,2015-01-20,123.7,151.50979582213492,50
51,2015-01-21,109.57,134.99155393060917,51
52,2015-01-22,90.78,120.79121452548681,52
53,2015-01-23,101.01,101.96879419869956,53
54,2015-01-24,116.0,112.29019684612011,54
55,2015-01-25,127.0,127.50374960818701,55
56,2015-01-26,131.63,138.37603396948495,56
57,2015-01-27,63.63,143.44375016351586,57
58,2015-01-28,75.23,75.71926218650746,58
59,2015-01-29,85.89,87.31403290138206,59
60,2015-01-30,86.0,98.01396467389006,60
61,2015-01-31,110.75,98.135226714884,61
62,2015-02-01,114.25,122.89239584060302,62
63,2015-02-02,116.29,126.79575526946252,63
64,2015-02-03,54.68,128.75481392618116,64
65,2015-02-04,54.32,65.73207048988766,65
66,2015-02-05,78.0,65.01428633953643,66
67,2015-02-06,168.0,88.6991225455685,67
68,2015-02-07,297.79,180.28786569974824,68
69,2015-02-08,352.6,313.8756593846712,69
70,2015-02-09,331.35,370.83747725238544,70
71,2015-02-10,356.0,349.89040639410933,71
72,2015-02-11,326.5,374.9101278008453,72
73,2015-02-12,316.84,345.1202999669153,73
74,2015-02-13,325.74,335.63376672245613,74
75,2015-02-14,302.0,344.629303630574,75
76,2015-02-15,309.42,320.943894246404,76
77,2015-02-16,389.99,327.57179412309796,77
78,2015-02-17,450.8,408.0054965789482,78
79,2015-02-18,526.0,468.92646348038073,79
80,2015-02-19,63.77,544.4805021990926,80
81,2015-02-20,117.81,82.3161906450022,81
82,2015-02-21,113.98,135.96233824080736,82
83,2015-02-22,103.27,132.2811139581064,83
84,2015-02-23,111.25,121.20970804805717,84
85,2015-02-24,104.11,128.46129980365475,85
86,2015-02-25,111.12,121.26180573014415,86
87,2015-02-26,111.12,128.64073595333457,87
88,2015-02-27,147.0,128.6579731468133,88
89,2015-02-28,136.17,166.25076808836852,89
90,2015-03-01,141.34,156.26447970758412,90
91,2015-03-02,153.22,160.7679938831352,91
92,2015-03-03,146.51,172.87670820006417,92
93,2015-03-04,139.67,166.85975243878687,93
94,2015-03-05,105.0,159.97995657291835,94
95,2015-03-06,150.74,123.00464663530008,95
96,2015-03-07,122.12,170.41238653571946,96
97,2015-03-08,116.69,141.85355486882872,97
98,2015-03-09,118.79,136.31476211207354,98
99,2015-03-10,123.89,138.60976203400554,99
100,2015-03-11,119.32,143.74615784230986,100
101,2015-03-12,122.85,139.52058793404336,101
102,2015-03-13,127.6,143.32611707385536,102
103,2015-03-14,126.89,147.49904183608828,103
104,2015-03-15,133.0,146.84339676175097,104
105,2015-03-16,110.77,152.98287083734635,105
106,2015-03-17,135.89,128.89159470668665,106
107,2015-03-18,135.89,154.50982209316786,107
108,2015-03-19,140.94,154.44950270463556,108
109,2015-03-20,141.32,160.23056642962564,109
110,2015-03-21,148.42,160.19676277158436,110
111,2015-03-22,129.0,167.25389002289563,111
112,2015-03-23,97.78,146.7668189898161,112
113,2015-03-24,152.33,114.60842037625164,113
114,2015-03-25,180.18,170.83181579809934,114
115,2015-03-26,164.59,199.1309696275654,115
116,2015-03-27,166.0,183.66692658532168,116
117,2015-03-28,165.75,184.9961378071233,117
118,2015-03-29,176.14,184.70766352054645,118
119,2015-03-30,145.7,195.29435772511042,119
120,2015-03-31,149.98,163.90065649439802,120
121,2015-04-01,173.31,168.24254105805153,121
122,2015-04-02,169.16,192.10132303207087,122
123,2015-04-03,169.99,187.67051008543655,123
124,2015-04-04,175.34,188.56026548369613,124
125,2015-04-05,197.85,192.55907180758956,125
126,2015-04-06,217.82,217.19434781303522,126
127,2015-04-07,219.0,236.96667951287077,127
128,2015-04-08,206.3,238.1852626327391,128
129,2015-04-09,213.77,225.0926034220431,129
130,2015-04-10,159.32,233.84706362377145,130
131,2015-04-11,158.98,177.80692452889812,131
132,2015-04-12,160.2,177.23022581214195,132
133,2015-04-13,240.0,178.86200099351973,133
134,2015-04-14,239.24,260.8748453815563,134
135,2015-04-15,234.74,260.1765680388249,135
136,2015-04-16,215.77,256.03581766650944,136
137,2015-04-17,223.26,237.30485544882896,137
138,2015-04-18,216.39,245.10348766785404,138
139,2015-04-19,67.52,238.8816657174728,139
140,2015-04-20,80.0,75.48576874537075,140
141,2015-04-21,159.11,100.19982236422103,141
142,2015-04-22,205.29,181.71987798779662,142
143,2015-04-23,215.99,227.5559356047126,143
144,2015-04-24,204.03,238.1962940310847,144
145,2015-04-25,205.47,226.12208290506857,145
146,2015-04-26,216.0,227.6141286807218,146
147,2015-04-27,233.05,238.42827217435524,147
148,2015-04-28,207.56,255.7640301276196,148
149,2015-04-29,142.0,229.87666796659897,149
150,2015-04-30,141.83,161.6000732401337,150
151,2015-05-01,130.84,161.5898832131932,151
152,2015-05-02,127.51,149.85110279865407,152
153,2015-05-03,195.04,146.15068373936015,153
154,2015-05-04,191.03,215.67441333151785,154
155,2015-05-05,158.0,211.54462236890302,155
156,2015-05-06,142.81,177.238022585581,156
157,2015-05-07,149.25,161.40778256745006,157
158,2015-05-08,177.0,168.25534858432064,158
159,2015-05-09,199.8,196.56052436849956,159
160,2015-05-10,218.32,219.25942307674336,160
161,2015-05-11,364.0,238.54126870385042,161
162,2015-05-12,74.0,387.4828566325325,162
163,2015-05-13,27.76,85.5620375311362,163
164,2015-05-14,0.0,31.761666623756312,164
165,2015-05-15,0.28,2.1473231117715876,165
166,2015-05-16,0.0,2.377789446481576,166
167,2015-05-17,0.0,2.1914855127435695,167
168,2015-05-18,0.06,1.8243042219751588,168
169,2015-05-19,2.0,2.576777654117068,169
170,2015-05-20,0.0,4.650972773753034,170
171,2015-05-21,0.0,1.9334139903646879,171
172,2015-05-22,0.0,1.986949318408786,172
173,2015-05-23,0.0,1.9431667752148112,173
174,2015-05-24,0.0,1.0385587298576562,174
175,2015-05-25,0.0,0.713938393006115,175
176,2015-05-26,0.0,0.8650900236179511,176
177,2015-05-27,0.0,0.9939641920078444,177
178,2015-05-28,0.0,0.9750664875228297,178
179,2015-05-29,0.0,1.2156945357004258,179
180,2015-05-30,0.0,1.3855424343260911,180
181,2015-06-03,0.1,1.7607547171681492,181
182,2015-06-05,0.0,1.5778099827423948,182
183,2015-06-06,0.53,0.8529349079452091,183
184,2015-06-07,0.3,7.980951075982771,184
185,2015-06-08,0.09,7.702886916894672,185
186,2015-06-09,0.07,6.364004491060021,186
187,2015-06-10,0.08,5.991822747961311,187
188,2015-06-11,0.15,5.46732414324097,188
189,2015-06-12,0.03,4.891175442245084,189
190,2015-06-13,0.0,4.823263645155904,190
191,2015-06-14,0.02,4.729337655235057,191
192,2015-06-15,0.0,4.69876118772064,192
193,2015-06-16,0.06,4.643021103660091,193
194,2015-06-17,0.03,5.101026096078529,194
195,2015-06-18,0.0,4.591705397916906,195
196,2015-06-19,0.04,3.7855331879198015,196
197,2015-06-20,0.03,3.9466638337882465,197
198,2015-06-21,0.0,4.236284493053782,198
199,2015-06-22,0.06,1.9395365812971441,199
200,2015-06-23,0.13,4.496256190657764,200
201,2015-06-24,0.0,4.826996998196517,201
202,2015-06-25,0.16,4.453690237138268,202
203,2015-06-26,0.13,4.719443871893874,203
204,2015-06-27,0.0,4.26266450118781,204
205,2015-06-28,0.31,3.7774813309140587,205
206,2015-06-29,0.3,4.421330525710902,206
207,2015-06-30,0.26,4.928489738903153,207
208,2015-07-01,0.09,4.85866589312667,208
209,2015-07-02,0.0,4.6633840824984025,209
210,2015-07-03,0.12,4.606122446825773,210
211,2015-07-04,0.0,3.448930770049028,211
212,2015-07-05,0.0,3.983172075502175,212
213,2015-07-06,0.02,4.036549496465371,213
214,2015-07-07,0.01,3.700987699407083,214
215,2015-07-08,0.06,3.403014251941981,215
216,2015-07-09,0.0,3.479766654374928,216
217,2015-07-10,0.0,3.3509555899947783,217
218,2015-07-11,0.0,3.325799043442662,218
219,2015-07-12,0.0,4.692921075010297,219
220,2015-07-13,0.0,1.9619322450732906,220
221,2015-08-05,0.0,-0.37210056596154817,221
222,2015-08-06,0.01,1.9482050747075754,222
223,2015-08-07,0.0,1.1579745045027687,223
224,2015-08-08,0.0,1.325154831201374,224
225,2015-08-09,0.0,1.2398578527184765,225
226,2015-08-10,0.0,1.2439107441506718,226
227,2015-08-11,0.0,1.3094991593293823,227
228,2015-08-12,0.0,1.3929690329720699,228
229,2015-10-12,1.78,1.4344945317638125,229
230,2015-10-13,0.15,8.156004828293302,230
231,2015-10-14,0.0,7.255201060676011,231
232,2015-10-15,0.0,7.32742173751738,232
233,2015-10-16,0.0,7.64001949127263,233
234,2015-10-17,0.01,7.926385494798133,234
235,2015-10-18,0.0,8.272541312172162,235
236,2015-10-19,0.0,8.504438361796069,236
237,2015-10-20,0.0,8.691622170652282,237
238,2015-10-21,0.04,8.861513991019377,238
239,2015-10-22,1.31,8.994771586636919,239
240,2015-10-23,7.54,10.58212173876308,240
241,2015-10-24,17.07,16.95893181612077,241
242,2015-10-25,23.56,26.642272041564386,242
243,2015-10-26,30.45,33.155853316138135,243
244,2015-10-27,40.15,40.15810545082188,244
245,2015-10-28,65.1,49.9641833716868,245
246,2015-10-29,78.99,74.95465316524907,246
247,2015-10-30,89.01,88.96885268384827,247
248,2015-10-31,97.17,99.04316155173944,248
249,2015-11-01,105.34,107.23946324527641,249
250,2015-11-02,105.34,115.44769886564819,250
251,2015-11-03,115.46,115.38928304872765,251
252,2015-11-04,119.78,125.62405837596475,252
253,2015-11-05,124.25,130.03401435543933,253
254,2015-11-06,127.81,134.55446099976473,254
255,2015-11-07,147.28,138.19788471583828,255
256,2015-11-08,160.96,158.83794429460988,256
257,2015-11-09,163.45,173.4294629258427,257
258,2015-11-10,164.7,175.60462409545488,258
259,2015-11-11,171.73,176.66189053341787,259
260,2015-11-12,177.0,183.6955669132262,260
261,2015-11-13,181.99,188.94075212348687,261
262,2015-11-14,192.74,193.45485991014127,262
263,2015-11-15,203.02,203.87124624663232,263
264,2015-11-16,214.53,214.22499177909188,264
265,2015-11-17,219.54,225.78285428882586,265
266,2015-11-18,217.07,230.79722649900336,266
267,2015-11-19,221.46,228.0710705017622,267
268,2015-11-20,230.79,232.78422062759884,268
269,2015-11-21,235.93,242.46583030606033,269
270,2015-11-22,251.6,247.17049162611173,270
271,2015-11-23,255.82,262.65801021033997,271
272,2015-11-24,255.23,266.9040174438088,272
273,2015-11-25,275.02,266.27041150578776,273
274,2015-11-26,326.08,286.6289664778438,274
275,2015-11-27,348.89,339.0555887291735,275
276,2015-11-28,377.92,362.65425080107957,276
277,2015-11-29,395.17,392.20709717002404,277
278,2015-11-30,410.32,408.9722883602591,278
279,2015-12-01,410.32,424.4189331706664,279
280,2015-12-02,435.4,424.0104559484193,280
281,2015-12-03,441.58,449.5825705293948,281
282,2015-12-04,466.62,455.97410261743613,282
283,2015-12-05,471.96,481.3776822181693,283
284,2015-12-06,492.58,486.87498705906404,284
285,2015-12-07,507.06,508.21392957843864,285
286,2015-12-08,495.12,523.4663291049826,286
287,2015-12-09,494.73,511.61852360681013,287
288,2015-12-10,505.59,510.9814688869844,288
289,2015-12-11,524.12,522.176789494574,289
290,2015-12-12,519.82,540.5518960269162,290
291,2015-12-13,521.0,535.9373117269613,291
292,2015-12-14,523.37,536.7526073093297,292
293,2015-12-15,527.11,538.9582094019031,293
294,2015-12-16,519.45,542.5428432859026,294
295,2015-12-17,514.67,534.9682851160399,295
296,2015-12-18,529.97,530.713502597084,296
297,2015-12-19,539.6,545.8409125122007,297
298,2015-12-20,540.45,555.3110522891202,298
299,2015-12-21,542.61,556.3511610064807,299
300,2015-12-22,545.49,558.1984751244224,300
301,2015-12-23,545.98,561.2119986715991,301
302,2015-12-24,548.19,561.7323715214861,302
303,2015-12-25,544.11,564.3143042594081,303
304,2015-12-26,568.74,559.7947973687392,304
305,2015-12-27,580.44,584.7163997194602,305
306,2015-12-28,592.44,596.3827570725837,306
307,2015-12-29,595.67,608.3838872995709,307
308,2015-12-30,602.77,611.5008367784617,308
309,2015-12-31,613.91,618.4118506285458,309
310,2016-01-01,607.13,629.7966319269374,310
311,2016-01-02,609.71,622.8248026318827,311
312,2016-01-03,650.36,625.5525013657616,312
313,2016-01-04,713.82,667.1426837807057,313
314,2016-01-05,741.05,731.2815237788066,314
315,2016-01-06,741.87,758.7279956085852,315
316,2016-01-07,737.18,759.4393866753337,316
317,2016-01-08,740.52,753.8198858114602,317
318,2016-01-09,774.6,757.0482408510911,318
319,2016-01-10,804.09,791.8858728691403,319
320,2016-01-11,815.95,821.8560483957101,320
321,2016-01-12,811.46,833.6521803749711,321
322,2016-01-13,810.06,829.4978855978673,322
323,2016-01-14,813.35,827.6827564974915,323
324,2016-01-15,820.96,830.9215612097212,324
325,2016-01-16,812.62,838.3727055826305,325
326,2016-01-17,818.35,829.8280294931687,326
327,2016-01-18,819.47,835.5972503338587,327
328,2016-01-19,815.88,836.8344688186644,328
329,2016-01-20,815.88,833.312337221395,329
330,2016-01-21,834.64,832.8634240154561,330
331,2016-01-22,829.33,851.7868009568829,331
332,2016-01-23,833.97,846.5550449965053,332
333,2016-01-24,844.73,851.1499847424977,333
334,2016-01-25,852.8,861.9030947505228,334
335,2016-01-26,855.05,870.0249804657287,335
336,2016-01-27,874.74,872.607948542598,336
337,2016-01-28,890.25,892.3009682073778,337
338,2016-01-29,880.94,907.9553582977367,338
339,2016-01-30,880.18,898.7041874116765,339
340,2016-01-31,881.66,897.8731692965655,340
341,2016-02-01,873.33,899.0204190352238,341
342,2016-02-02,898.73,890.746245863277,342
343,2016-02-03,874.34,916.4222479006366,343
344,2016-02-04,887.33,892.1868002671285,344
345,2016-02-05,879.81,904.7222897032702,345
346,2016-02-06,883.99,897.2777028738167,346
347,2016-02-07,879.83,901.2205742090202,347
348,2016-02-08,888.9,897.1258859272928,348
349,2016-02-09,888.15,906.1609661227778,349
350,2016-02-10,886.83,905.5390349236791,350
351,2016-02-11,889.41,904.1766356130086,351
352,2016-02-12,884.22,906.3884861030122,352
353,2016-02-13,888.41,901.1837362655381,353
354,2016-02-14,891.49,905.7055851674513,354
355,2016-02-15,920.49,908.6745770329487,355
356,2016-02-16,913.8,937.8329741151051,356
357,2016-02-17,938.53,930.9993963712034,357
358,2016-02-18,933.22,955.7399660159149,358
359,2016-02-19,918.06,950.3262133390792,359
360,2016-02-20,934.7,935.2178299718539,360
361,2016-02-21,935.02,951.6758564577583,361
362,2016-02-22,930.31,951.961695624386,362
363,2016-02-23,915.35,947.1621348907433,363
364,2016-02-24,925.27,932.1631133146398,364
365,2016-02-25,941.64,942.2961570415985,365
366,2016-02-26,952.31,958.6821627268673,366
367,2016-02-27,967.15,969.2479756597909,367
368,2016-02-28,971.8,984.1897795834061,368
369,2016-02-29,969.47,988.7511635878004,369
370,2016-03-01,962.2,986.3533019353829,370
371,2016-03-02,968.96,978.9591976238905,371
372,2016-03-03,1054.09,985.7892936907597,372
373,2016-03-04,1058.56,1071.585502593704,373
374,2016-03-05,1053.56,1075.9998619630076,374
375,2016-03-06,1053.56,1070.817992378517,375
376,2016-03-07,1050.9,1070.848542711637,376
377,2016-03-08,1050.9,1068.0695513039873,377
378,2016-03-09,1028.64,1068.0540880798753,378
379,2016-03-10,1028.64,1046.4940340301162,379
380,2016-03-11,1027.17,1046.1481187458485,380
381,2016-03-12,1027.17,1044.0188380851205,381
382,2016-03-13,1014.15,1043.998494183833,382
383,2016-03-14,1009.03,1030.8045631575496,383
384,2016-03-15,1015.67,1025.6462573838344,384
385,2016-03-16,1005.39,1032.3230734757842,385
386,2016-03-17,998.85,1021.9802460279996,386
387,2016-03-18,993.57,1015.4488262201585,387
388,2016-03-19,982.5,1009.8758124385165,388
389,2016-03-20,982.5,998.6911788101975,389
390,2016-03-21,974.21,998.7202624930478,390
391,2016-03-22,979.34,990.3880363926521,391
392,2016-03-23,984.89,995.7165844453125,392
393,2016-03-24,1007.55,1001.0970499216487,393
394,2016-03-25,994.05,1023.6878983393472,394
395,2016-03-26,1002.48,1010.541302942943,395
396,2016-03-27,1030.59,1018.8859301959451,396
397,2016-03-28,1056.68,1047.0302065922804,397
398,2016-03-29,1074.77,1072.9686800150248,398
399,2016-03-30,1083.19,1091.0873957853885,399
400,2016-03-31,1086.82,1099.155858890153,400
401,2016-04-01,1063.83,1102.4593635404929,401
402,2016-04-02,1071.96,1079.5934176154537,402
403,2016-04-03,1083.96,1087.6351643950823,403
404,2016-04-04,1089.14,1099.164548386682,404
405,2016-04-05,1086.0,1104.668547400696,405
406,2016-04-06,1077.21,1101.7226350165774,406
407,2016-04-07,1097.17,1092.2960726447202,407
408,2016-04-08,1079.18,1111.972670082193,408
409,2016-04-09,1075.09,1093.9697147934373,409
410,2016-04-10,1098.0,1090.1128949285385,410
411,2016-04-11,1112.64,1112.7630226914505,411
412,2016-04-12,1125.07,1127.9685067637668,412
413,2016-04-13,1162.51,1140.3982371827324,413
414,2016-04-14,1144.57,1177.964344738736,414
415,2016-04-15,1139.63,1160.00951475028,415
416,2016-04-16,1148.04,1154.6830458585825,416
417,2016-04-17,1131.69,1162.9603834753398,417
418,2016-04-18,1155.43,1146.8730482431306,418
419,2016-04-19,1215.81,1170.1583105801883,419
420,2016-04-20,1226.67,1231.2428448861754,420
421,2016-04-21,1226.67,1242.1914838012926,421
422,2016-04-22,1181.05,1241.5646502229106,422
423,2016-04-23,1263.07,1195.9491691722867,423
424,2016-04-24,1360.07,1276.1104533351795,424
425,2016-04-25,1330.87,1375.4040236555165,425
426,2016-04-26,1321.1,1346.3313368144948,426
427,2016-04-27,1321.1,1335.7193485732803,427
428,2016-04-28,1282.48,1335.3122913773661,428
429,2016-04-29,1339.57,1297.3661777452708,429
430,2016-04-30,1363.05,1354.5241642152696,430
431,2016-05-01,1355.1,1377.957858247101,431
432,2016-05-02,1316.68,1369.2311921058729,432
433,2016-05-03,1267.11,1330.942564583233,433
434,2016-05-04,1282.95,1280.9607078332785,434
435,2016-05-05,1292.49,1296.658827397399,435
436,2016-05-06,1241.07,1306.1739165505069,436
437,2016-05-07,1287.7,1255.3039906095187,437
438,2016-05-08,1275.56,1302.0133972352394,438
439,2016-05-09,1251.79,1289.61691128364,439
440,2016-05-10,1240.5,1265.4086152933598,440
441,2016-05-11,1255.23,1253.960067372613,441
442,2016-05-12,1238.82,1268.8700548671554,442
443,2016-05-13,1262.82,1252.1345142075154,443
444,2016-05-14,1240.3,1276.4267859704298,444
445,2016-05-15,1255.4,1253.6366225672025,445
446,2016-05-16,1262.58,1268.939749376507,446
447,2016-05-17,1232.68,1275.9882022755532,447
448,2016-05-18,1237.74,1245.5984892949623,448
449,2016-05-19,1270.3,1250.5892945691423,449
450,2016-05-20,1274.19,1283.6236344509566,450
451,2016-05-21,1252.12,1287.4525042120777,451
452,2016-05-22,1236.08,1265.0369236845033,452
453,2016-05-23,1235.36,1248.7236575786053,453
454,2016-05-24,1246.92,1248.1790837009778,454
455,2016-05-25,1255.17,1259.8340064370766,455
456,2016-05-26,1246.43,1268.1154882594067,456
457,2016-05-27,1249.17,1259.2123789432264,457
458,2016-05-28,1209.02,1261.9210514003407,458
459,2016-05-29,1227.06,1221.5187966516212,459
460,2016-05-30,1226.11,1239.7956657528114,460
461,2016-05-31,1258.61,1238.6836823428196,461
462,2016-06-01,1290.86,1271.4641446296341,462
463,2016-06-02,1287.05,1303.772106856326,463
464,2016-06-03,1338.77,1299.8983788306148,464
465,2016-06-04,1319.5,1351.7726222752624,465
466,2016-06-05,1290.56,1332.3192074337687,466
467,2016-06-06,1301.04,1303.06496851934,467
468,2016-06-07,1248.67,1313.5453542755758,468
469,2016-06-08,1258.1,1261.101756380012,469
470,2016-06-09,1330.85,1270.468217159332,470
471,2016-06-10,1348.8,1343.49337265675,471
472,2016-06-11,1313.68,1361.513037656093,472
473,2016-06-12,1335.38,1325.9532728038348,473
474,2016-06-13,1355.74,1347.7054393478986,474
475,2016-06-14,1354.87,1368.185343517585,475
476,2016-06-15,1359.04,1367.28483397768,476
477,2016-06-16,1375.78,1371.4689825126175,477
478,2016-06-17,1406.95,1388.4374457781694,478
479,2016-06-18,1396.94,1419.8527846682478,479
480,2016-06-19,1394.3,1409.567271855295,480
481,2016-06-20,1413.77,1406.8038441168903,481
482,2016-06-21,1436.96,1426.3513537969118,482
483,2016-06-22,1439.78,1449.733097769538,483
484,2016-06-23,1442.8,1452.6880366286216,484
485,2016-06-24,1450.14,1455.4222174646077,485
486,2016-06-25,1445.83,1462.7431557835023,486
487,2016-06-26,1474.21,1458.3622570779125,487
488,2016-06-27,1474.21,1486.7921411684881,488
489,2016-06-28,1483.19,1486.3099634938578,489
490,2016-06-29,1475.62,1495.3021863130562,490
491,2016-06-30,1462.74,1487.541972551016,491
492,2016-07-01,1445.75,1474.6292086006174,492
493,2016-07-02,1440.85,1457.340962421994,493
494,2016-07-03,1417.43,1452.7264488927935,494
495,2016-07-04,1437.59,1429.272399903425,495
496,2016-07-05,1500.12,1450.7818888638046,496
497,2016-07-06,1456.62,1512.9442285317189,497
498,2016-07-07,1410.17,1469.0774474524571,498
499,2016-07-08,1389.52,1422.2622008733704,499
500,2016-07-09,1367.74,1401.278402657827,500
501,2016-07-10,1336.81,1379.4669045729509,501
502,2016-07-11,1295.96,1348.746671040464,502
503,2016-07-12,1274.01,1307.6599641938465,503
504,2016-07-13,1301.77,1286.0988541670035,504
505,2016-07-14,1265.94,1313.956660031585,505
506,2016-07-15,1248.1,1277.648859396744,506
507,2016-07-16,1248.1,1259.9060534084101,507
508,2016-07-17,1266.08,1259.716371698139,508
509,2016-07-18,1299.06,1278.556398549245,509
510,2016-07-19,1242.71,1310.862897126914,510
511,2016-07-20,1261.63,1253.826403582935,511
512,2016-07-21,1287.09,1273.1289533417523,512
513,2016-07-22,1288.14,1298.8186675973284,513
514,2016-07-23,1295.02,1299.6456917334522,514
515,2016-07-24,1282.62,1306.709706010839,515
516,2016-07-25,1291.68,1294.2730943150766,516
517,2016-07-26,1293.77,1303.3488369536617,517
518,2016-07-27,1290.33,1305.3749903875278,518
519,2016-07-28,1287.15,1301.910584593233,519
520,2016-07-29,1269.9,1298.566509185079,520
521,2016-07-30,1261.66,1281.2989304722673,521
522,2016-07-31,1266.45,1273.1341258735954,522
523,2016-08-01,1266.45,1278.0702712462685,523
524,2016-08-02,1242.13,1277.6390267732922,524
525,2016-08-03,1233.28,1253.229408915913,525
526,2016-08-04,1239.84,1244.3448479373774,526
527,2016-08-05,1244.94,1250.7474611245584,527
528,2016-08-06,1250.76,1255.7792265505848,528
529,2016-08-07,1255.92,1261.54836203716,529
530,2016-08-08,1273.07,1266.7354818800666,530
531,2016-08-09,1284.08,1283.9129696270786,531
532,2016-08-10,1284.08,1294.8369079498761,532
533,2016-08-11,1294.36,1294.857786914186,533
534,2016-08-12,1305.39,1305.2350942503479,534
535,2016-08-13,1318.79,1316.6111926749963,535
536,2016-08-14,1314.63,1329.0759402281622,536
537,2016-08-15,1280.86,1324.504285371731,537
538,2016-08-26,1156.54,1290.4523440861608,538
539,2016-08-27,1156.54,1167.5309082220383,539
540,2016-08-28,1078.66,1167.4295798531382,540
541,2016-08-29,1078.66,1088.0938015434363,541
542,2016-08-30,1091.18,1088.1192486606403,542
543,2016-08-31,1062.15,1101.0435465815963,543
544,2016-09-01,1045.54,1071.5263621460138,544
545,2016-09-02,1041.35,1054.803309466695,545
546,2016-09-03,1036.67,1050.7280881956128,546
547,2016-09-04,1034.2,1046.2688115967183,547
548,2016-09-05,1030.53,1043.6370274320707,548
549,2016-09-06,1026.59,1039.931131679797,549
550,2016-09-07,1022.83,1036.0608580650448,550
551,2016-09-08,1018.82,1032.5307847465967,551
552,2016-09-09,1016.3,1028.4339060042898,552
553,2016-09-10,1011.84,1025.7845017199634,553
554,2016-09-11,1010.56,1021.3091426311516,554
555,2016-09-12,1008.78,1019.9438965588874,555
556,2016-09-13,1008.35,1018.1444057289361,556
557,2016-09-14,1008.23,1017.7175335724394,557
558,2016-09-15,1001.85,1017.6053890026094,558
559,2016-09-16,996.28,1011.211895085771,559
560,2016-09-17,988.05,1005.5929270208801,560
561,2016-09-18,990.65,997.4119114545347,561
562,2016-09-19,993.38,1000.0598321295629,562
563,2016-09-20,988.88,1002.74863639214,563
564,2016-09-21,987.9,998.3759611755761,564
565,2016-09-22,989.4,997.5765119016303,565
566,2016-09-23,987.57,999.1116386384708,566
567,2016-09-24,985.8,996.9329531955843,567
568,2016-09-25,989.21,995.1536549259811,568
569,2016-09-26,980.8,998.6309201289403,569
570,2016-09-27,977.77,990.1237464256328,570
571,2016-09-28,977.29,987.1677593589411,571
572,2016-09-29,977.67,986.7826110591488,572
573,2016-09-30,972.2,987.1940455938957,573
574,2016-10-01,958.4,981.7830793325495,574
575,2016-10-02,943.71,968.2696857135511,575
576,2016-10-03,943.71,953.5731422733188,576
577,2016-10-04,947.71,953.3392141696042,577
578,2016-10-05,941.6,957.7529679537226,578
579,2016-10-06,947.39,951.5326606160133,579
580,2016-10-07,953.59,957.3764813474027,580
581,2016-10-08,961.39,963.6294907483825,581
582,2016-10-09,968.8,971.4509586189281,582
583,2016-10-10,977.85,978.8673354689374,583
584,2016-10-11,1029.43,988.0852066282162,584
585,2016-10-12,1042.82,1039.967739933231,585
586,2016-10-13,1059.74,1053.648652333745,586
587,2016-10-14,1071.97,1070.327580172569,587
588,2016-10-15,1079.83,1082.707737451582,588
589,2016-10-16,1089.38,1090.511064836494,589
590,2016-10-17,1100.48,1100.0661605052185,590
591,2016-10-18,1110.76,1111.1625619725323,591
592,2016-10-19,1108.82,1121.5860980157831,592
593,2016-10-20,1127.35,1119.2804573789076,593
594,2016-10-21,1126.89,1137.9537040901678,594
595,2016-10-22,1122.56,1137.452176125784,595
596,2016-10-23,1127.07,1132.959005188432,596
597,2016-10-24,1129.14,1137.2446393191346,597
598,2016-10-25,1138.23,1139.379862901744,598
599,2016-10-26,1130.76,1148.3984765151256,599
600,2016-10-27,1132.5,1140.9141289270488,600
601,2016-10-28,1148.95,1142.6810981015208,601
602,2016-10-29,1152.95,1159.2288276831703,602
603,2016-10-30,1153.21,1163.1038922711023,603
604,2016-10-31,1164.23,1163.2895557600812,604
605,2016-11-01,1159.41,1174.363035425279,605
606,2016-11-02,1169.23,1169.5540276105771,606
607,2016-11-03,1171.86,1179.233828495107,607
608,2016-11-04,1170.7,1181.837421326465,608
609,2016-11-05,1176.61,1180.6319067872314,609
610,2016-11-06,1178.24,1186.637433643663,610
611,2016-11-07,1176.06,1188.2592401357776,611
612,2016-11-08,1171.38,1186.1260316818712,612
613,2016-11-09,1163.62,1181.4123061345597,613
614,2016-11-10,1147.15,1173.8574108579267,614
615,2016-11-11,1147.63,1157.2731056260832,615
616,2016-11-12,1147.63,1157.7149568307298,616
617,2016-11-13,1147.25,1157.7825570820398,617
618,2016-11-14,1146.8,1157.3329136336322,618
619,2016-11-15,1156.97,1156.9341011549045,619
620,2016-11-16,1162.39,1167.0748263043258,620
621,2016-11-17,1162.65,1172.4826099063694,621
622,2016-11-18,1170.56,1172.6354588701279,622
623,2016-11-19,1177.78,1180.7017648363574,623
624,2016-11-20,1182.03,1187.8788128699784,624
625,2016-11-21,1187.71,1192.1889246762914,625
626,2016-11-22,1192.29,1197.8905276065075,626
627,2016-11-23,1193.35,1202.4428195152773,627
628,2016-11-24,1193.62,1203.487205407148,628
629,2016-11-25,1194.36,1203.6828709525998,629
630,2016-11-26,1191.6,1204.4693750012398,630
631,2016-11-27,1202.0,1201.67227349928,631
632,2016-11-28,1202.01,1212.1755225220963,632
633,2016-11-29,1199.18,1212.2571857234373,633
634,2016-11-30,1191.28,1209.3002285926802,634
635,2016-12-01,1192.44,1201.2326761062686,635
636,2016-12-02,1193.12,1202.355043711133,636
637,2016-12-03,1191.26,1203.2378094810883,637
638,2016-12-04,1192.28,1201.1153158946252,638
639,2016-12-05,1185.12,1202.1215449133865,639
640,2016-12-06,1186.52,1194.8481655970681,640
641,2016-12-07,1176.49,1196.1756887299823,641
642,2016-12-08,1172.85,1186.2405953818775,642
643,2016-12-09,1169.56,1182.6212733971863,643
644,2016-12-10,1167.39,1179.3342999588908,644
645,2016-12-11,1161.0,1177.1130389818452,645
646,2016-12-12,1157.21,1170.6949993343878,646
647,2016-12-13,1146.67,1166.842394666686,647
648,2016-12-14,1146.02,1156.2522963421634,648
649,2016-12-15,1149.51,1155.4812538378565,649
650,2016-12-16,1147.5,1159.0540670020587,650
651,2016-12-17,1145.46,1157.103152280987,651
652,2016-12-18,1144.44,1155.117273852813,652
653,2016-12-19,1139.2,1154.0598618686192,653
654,2016-12-20,1139.14,1148.625871702476,654
655,2016-12-21,1134.31,1148.5574486560945,655
656,2016-12-22,1127.28,1143.7618117320585,656
657,2016-12-23,1127.66,1136.6820893090094,657
658,2016-12-24,1133.73,1137.2498889908736,658
659,2016-12-25,1135.81,1143.2652482796448,659
660,2016-12-26,1148.64,1145.0858455552207,660
661,2016-12-27,1136.71,1158.1422453004466,661
662,2016-12-28,1138.15,1146.3262948354477,662
663,2016-12-29,1141.22,1147.4891831407353,663
664,2016-12-30,1150.68,1150.7219204626156,664
665,2016-12-31,1158.46,1160.3725712475846,665
666,2017-01-01,1168.89,1168.083770343791,666
667,2017-01-02,1182.08,1178.3554943745046,667
668,2017-01-03,1192.02,1191.570329396554,668
669,2017-01-04,1178.43,1201.4115380608637,669
670,2017-01-05,1183.44,1187.8173160120698,670
671,2017-01-06,1186.29,1192.9556961990556,671
672,2017-01-07,1166.5,1195.4625120511403,672
673,2017-01-08,1167.86,1175.76574462926,673
674,2017-01-09,1163.83,1177.2046476426683,674
675,2017-01-10,1154.85,1173.1391501025523,675
676,2017-01-11,890.0,1164.1695333607722,676
677,2017-03-04,365.8,896.1608145529972,677
678,2017-03-05,443.48,376.2786269912043,678
679,2017-03-06,418.7,451.2143783473254,679
680,2017-03-07,399.2,426.35704992875907,680
681,2017-03-08,389.7,406.94398634270357,681
682,2017-03-09,372.72,397.44049908946823,682
683,2017-03-10,372.72,380.4943846524896,683
684,2017-03-11,375.22,380.4941752513018,684
685,2017-03-12,377.19,383.0724816047023,685
686,2017-03-13,402.64,385.0872319370823,686
687,2017-03-14,414.0,410.5461279684472,687
688,2017-03-15,422.58,421.95779121116624,688
689,2017-03-16,429.95,430.4908599415295,689
690,2017-03-17,445.81,437.8606394978391,690
691,2017-03-18,463.64,453.7359240921707,691
692,2017-03-19,509.07,471.40321132646267,692
693,2017-03-20,525.83,517.2814973920949,693
694,2017-03-21,524.65,534.1685936544034,694
695,2017-03-22,525.34,533.0814841591077,695
696,2017-03-23,529.51,533.7629398492559,696
697,2017-03-24,534.35,537.9615148296225,697
698,2017-03-25,546.35,542.7887646561637,698
699,2017-03-26,559.37,554.8458838317902,699
700,2017-03-27,569.47,567.8908296652,700
701,2017-03-28,573.86,578.0475724501505,701
702,2017-03-29,599.0,582.68771505932,702
703,2017-03-30,610.46,608.2699442156129,703
704,2017-03-31,620.74,619.6944177210542,704
705,2017-04-01,626.62,630.1074032945082,705
706,2017-04-02,632.87,635.9918259623723,706
707,2017-04-03,640.66,642.1615957124011,707
708,2017-04-04,650.64,649.6573926739106,708
709,2017-04-05,656.55,659.6165068553771,709
710,2017-04-06,663.36,665.5351632219949,710
711,2017-04-07,671.11,672.3087067812298,711
712,2017-04-08,678.69,680.0439506696237,712
713,2017-04-09,689.29,687.6283476562585,713
714,2017-04-10,698.46,698.2369178618685,714
715,2017-04-11,709.17,707.4301742536793,715
716,2017-04-12,716.39,718.2033828639826,716
717,2017-04-13,728.21,725.825249555116,717
718,2017-04-14,737.69,737.2053030476213,718
719,2017-04-15,747.2,746.69281906534,719
720,2017-04-16,755.12,756.2245152363596,720
721,2017-04-17,766.24,764.1351077339941,721
722,2017-04-18,772.7,775.3202192391639,722
723,2017-04-19,778.99,781.7755034872353,723
724,2017-04-20,782.0,788.0633346875677,724
725,2017-04-21,787.42,791.0748399861964,725
726,2017-04-22,793.97,796.437548781968,726
727,2017-04-23,965.38,802.9401666745671,727
728,2017-04-24,812.25,976.5562843366356,728
729,2017-04-25,812.25,821.4277429525027,729
730,2017-04-26,809.18,821.3436725921315,730
731,2017-04-27,815.27,818.2606035518686,731
732,2017-04-28,815.1,824.4237839118493,732
733,2017-04-29,818.05,824.0868057522898,733
734,2017-04-30,832.45,827.0018703382941,734
735,2017-05-01,846.41,841.4379927670152,735
736,2017-05-02,864.09,855.4497913103351,736
737,2017-05-03,874.4,873.1278251882609,737
738,2017-05-04,883.62,883.4667212029237,738
739,2017-05-05,892.31,892.7544766560043,739
740,2017-05-06,904.03,901.3986939452163,740
741,2017-05-07,918.86,913.0526592805772,741
742,2017-05-08,931.64,927.9908468730052,742
743,2017-05-09,949.36,940.6446752833219,743
744,2017-05-10,959.94,958.4946072360644,744
745,2017-05-11,969.21,968.9564033500583,745
746,2017-05-12,980.69,978.2349195082677,746
747,2017-05-13,992.29,989.7037987390556,747
748,2017-05-14,1005.34,1001.3578228066192,748
749,2017-05-15,1018.14,1014.4554568378271,749
750,2017-05-16,1034.16,1027.3134721103013,750
751,2017-05-17,1050.36,1043.2368032920729,751
752,2017-05-18,1050.59,1060.0026544720527,752
753,2017-05-19,1055.89,1059.8465933159132,753
754,2017-05-20,1053.13,1065.099175223457,754
755,2017-05-21,1051.97,1062.3074747364165,755
756,2017-05-22,1065.32,1061.1383448094289,756
757,2017-05-23,1079.64,1074.552034221127,757
758,2017-05-24,1091.04,1088.9186316209884,758
759,2017-05-25,1100.1,1100.32492761913,759
760,2017-05-26,1107.85,1109.3650254235013,760
761,2017-05-27,1105.18,1117.4285471806966,761
762,2017-05-28,1105.51,1114.8269543472986,762
763,2017-05-29,1108.56,1115.1117514194696,763
764,2017-05-30,1119.95,1118.0987217318502,764
765,2017-05-31,1134.96,1129.5448522395627,765
766,2017-06-01,1146.93,1144.5558591250733,766
767,2017-06-02,1148.88,1156.5137021161497,767
768,2017-06-03,1153.03,1158.3912180116502,768
769,2017-06-04,1156.81,1162.575260139025,769
770,2017-06-05,1149.19,1166.4037486054285,770
771,2017-06-06,1145.99,1158.7863184229036,771
772,2017-06-07,1145.28,1155.5899188977514,772
773,2017-06-08,1141.78,1155.1995003577003,773
774,2017-06-09,1146.1,1151.9192342308052,774
775,2017-06-10,1151.71,1155.753503168142,775
776,2017-06-11,1150.33,1161.378762096382,776
777,2017-06-12,1144.52,1160.0130457032253,777
778,2017-06-13,1141.72,1154.2609336744893,778
779,2017-06-14,1136.09,1151.450216906497,779
780,2017-06-15,1141.39,1145.7934196631347,780
781,2017-06-16,1142.95,1151.105149682207,781
782,2017-06-17,1143.23,1152.7445243893458,782
783,2017-06-18,1143.67,1152.9408766762879,783
784,2017-06-19,1139.16,1153.3874077556002,784
785,2017-06-20,1137.02,1148.938199037909,785
786,2017-06-21,1140.53,1146.669730910327,786
787,2017-06-22,1148.24,1150.1662303601136,787
788,2017-06-23,1149.23,1157.89248949353,788
789,2017-06-24,1151.63,1158.9013375791885,789
790,2017-06-25,1154.0,1161.2490046390567,790
791,2017-06-26,1146.48,1163.6307210699365,791
792,2017-06-27,1148.11,1156.0829953420407,792
793,2017-06-28,1142.09,1157.73384080964,793
794,2017-06-29,1226.33,1152.2469238677872,794
795,2017-06-30,1277.42,1236.565468059336,795
796,2017-07-01,1290.69,1287.8909293561442,796
797,2017-07-02,1300.59,1301.273786526567,797
798,2017-07-03,1311.53,1311.308990323482,798
799,2017-07-04,1332.27,1322.1980407836745,799
800,2017-07-05,1350.07,1343.0826880392435,800
801,2017-07-06,1366.03,1360.540920874574,801
802,2017-07-07,1377.17,1376.6962243451383,802
803,2017-07-08,1394.88,1388.012902736195,803
804,2017-07-09,1404.48,1405.4557055349776,804
805,2017-07-10,1408.54,1414.9744624132238,805
806,2017-07-11,1403.67,1419.1715096250202,806
807,2017-07-12,1402.0,1414.0944667628526,807
808,2017-07-13,1421.54,1413.3572310532984,808
809,2017-07-14,1397.28,1431.9749657663103,809
810,2017-07-15,1425.8,1408.575106438587,810
811,2017-07-16,1413.11,1436.736316999478,811
812,2017-07-17,1440.11,1423.458010546517,812
813,2017-07-18,1446.13,1450.980625961622,813
814,2017-07-19,1452.0,1457.0155443178894,814
815,2017-07-20,1484.2,1462.3015059419015,815
816,2017-07-21,1462.32,1495.6328681509592,816
817,2017-07-22,1487.22,1473.30170825625,817
818,2017-07-23,1516.27,1497.9630864456221,818
819,2017-07-24,1514.17,1527.4178548763057,819
820,2017-07-25,1520.66,1525.4301198692006,820
821,2017-07-26,1546.69,1531.1890560570664,821
822,2017-07-27,1524.51,1558.0103137298536,822
823,2017-07-28,1566.01,1535.104548767139,823
824,2017-07-29,1566.01,1576.9685728275479,824
825,2017-07-30,1549.71,1577.2230277015963,825
826,2017-07-31,1579.67,1560.3800604683433,826
827,2017-08-01,1543.13,1591.273160285226,827
828,2017-08-02,1579.08,1553.5076080061117,828
829,2017-08-03,1533.36,1590.8504692334452,829
830,2017-08-04,1578.86,1543.8631431895885,830
831,2017-08-05,1555.95,1590.097889778642,831
832,2017-08-06,1561.87,1566.5991848597641,832
833,2017-08-07,1565.29,1572.507381587153,833
834,2017-08-08,1525.54,1576.422100124464,834
835,2017-08-09,1590.02,1535.5504745455328,835
836,2017-08-10,1525.51,1601.3368303608183,836
837,2017-08-11,1585.71,1535.7422895589502,837
838,2017-08-12,1546.94,1596.7726681797033,838
839,2017-08-13,1558.4,1557.6202789230751,839
840,2017-08-14,1570.88,1568.933844451377,840
841,2017-08-15,1516.28,1581.4008707446064,841
842,2017-08-16,1595.76,1525.844975813261,842
843,2017-08-17,1514.97,1606.9010942823475,843
844,2017-08-18,1528.16,1525.1238170260274,844
845,2017-08-19,1572.35,1538.143362549017,845
846,2017-08-20,1523.36,1583.4199136306486,846
847,2017-08-21,1591.91,1533.2846366814717,847
848,2017-08-22,1544.5,1602.938950309023,848
849,2017-08-23,1546.97,1555.1063478578856,849
850,2017-08-24,1539.32,1557.344448860329,850
851,2017-08-25,1496.8,1549.8818224099662,851
852,2017-08-26,1535.26,1506.2648133015316,852
853,2017-08-27,1494.73,1545.9184706028366,853
854,2017-08-28,1543.09,1504.6743866167199,854
855,2017-08-29,1469.71,1553.2435250563856,855
856,2017-08-30,1499.58,1479.7802717696238,856
857,2017-08-31,1506.72,1509.5904218448984,857
858,2017-09-01,1464.28,1517.4483340840875,858
859,2017-09-02,1511.19,1473.641887872913,859
860,2017-09-03,1441.84,1521.882463652302,860
861,2017-09-04,1487.59,1450.9326143241922,861
862,2017-09-05,1452.86,1498.0907037094844,862
863,2017-09-06,1481.64,1462.508278646554,863
864,2017-09-07,1474.84,1491.6721733582517,864
865,2017-09-08,305.79,1485.0466846452757,865
866,2017-09-14,1176.41,307.7498776729996,866
867,2017-09-15,1452.86,1185.5815214109828,867
868,2017-09-16,1452.86,1463.3207862871327,868
869,2017-09-17,1410.63,1464.0994357349098,869
870,2017-09-18,1405.88,1421.5638306694464,870
871,2017-09-19,1399.29,1415.8479005945353,871
872,2017-09-20,1339.57,1410.4400593325954,872
873,2017-09-21,1328.61,1350.4194923405998,873
874,2017-09-22,1291.69,1339.033764604803,874
875,2017-09-23,1306.13,1302.1943344787103,875
876,2017-09-24,1296.33,1317.1117828527106,876
877,2017-09-25,1326.04,1307.0377308368709,877
878,2017-09-26,1358.84,1336.4471465636811,878
879,2017-09-27,1367.86,1369.815745119041,879
880,2017-09-28,1394.55,1378.6337069629155,880
881,2017-09-29,1425.66,1405.1450341333668,881
882,2017-09-30,1414.19,1436.084427607808,882
883,2017-10-01,1456.86,1425.0324004612103,883
884,2017-10-02,1379.39,1466.673590507637,884
885,2017-10-03,1386.5,1390.081690977805,885
886,2017-10-04,1400.93,1396.8255262293324,886
887,2017-10-05,1381.15,1410.6508482940344,887
888,2017-10-06,1378.05,1391.3875763199844,888
889,2017-10-07,1378.05,1387.8185410583571,889
890,2017-10-08,1365.86,1387.7121721193691,890
891,2017-10-09,1368.89,1375.8230865408625,891
892,2017-10-10,1354.11,1378.7504008618848,892
893,2017-10-11,1346.96,1363.8079176109777,893
894,2017-10-12,1352.4,1356.7829788753907,894
895,2017-10-13,1352.4,1361.8520511173747,895
896,2017-10-14,1427.6,1361.8799942078517,896
897,2017-10-15,1417.02,1436.2879651873916,897
898,2017-10-16,1391.05,1426.2884717589588,898
899,2017-10-17,1417.58,1400.5783759468052,899
900,2017-10-18,1430.15,1426.561691368087,900
901,2017-10-19,1446.43,1439.5179521254772,901
902,2017-10-20,1450.11,1455.6426042148357,902
903,2017-10-21,893.82,1459.558823326288,903
904,2017-10-25,1490.44,894.5255180137704,904
905,2017-10-26,1542.94,1502.0151837910023,905
906,2017-10-27,1497.47,1553.7590830492388,906
907,2017-10-28,1423.85,1508.4601340106753,907
908,2017-10-29,1450.37,1434.533458541346,908
909,2017-10-30,1473.58,1460.6644104078039,909
910,2017-10-31,1476.38,1483.9598280007835,910
911,2017-11-01,1453.86,1487.475089685569,911
912,2017-11-02,1444.46,1464.5722288475908,912
913,2017-11-03,1442.15,1454.8076563814864,913
914,2017-11-04,1431.92,1452.656730529784,914
915,2017-11-05,1431.92,1442.416915876115,915
916,2017-11-06,1408.95,1442.7645983184893,916
917,2017-11-07,1443.91,1419.857348693429,917
918,2017-11-08,1407.94,1454.33822024184,918
919,2017-11-09,1440.22,1418.8137405195912,919
920,2017-11-10,1422.28,1450.5825532982076,920
921,2017-11-11,1454.15,1432.9000821893248,921
922,2017-11-12,1455.37,1464.3694392934751,922
923,2017-11-13,1453.01,1465.9470222754398,923
924,2017-11-14,1454.79,1463.4815463967855,924
925,2017-11-15,1454.79,1465.106041410497,925
926,2017-11-16,1443.57,1464.8591691923975,926
927,2017-11-17,44.43,1453.5004068519954,927
928,2017-11-28,224.24,46.98945291690819,928
929,2017-12-05,1240.96,233.44000093463222,929
930,2017-12-06,1460.69,1251.4189914365909,930
931,2017-12-07,1201.86,1471.8795639555972,931
932,2017-12-18,1415.3,1212.1595583475132,932
933,2017-12-19,1581.15,1429.5472250688565,933
934,2017-12-20,1241.9,1592.6521834898338,934
935,2017-12-21,1169.24,1252.8179347057157,935
936,2017-12-22,1136.62,1179.9919381097297,936
937,2017-12-23,1090.59,1146.802644285535,937
938,2017-12-24,1071.84,1100.8011540668515,938
939,2017-12-25,1067.29,1082.270870677342,939
940,2017-12-26,1062.25,1077.3790849466814,940
941,2017-12-27,1049.6,1072.328759620283,941
942,2017-12-28,1051.39,1059.5895889444062,942
943,2017-12-29,1047.39,1061.4197788985043,943
944,2017-12-30,1051.88,1057.4912076226174,944
945,2017-12-31,1036.66,1062.0130593899028,945
946,2018-01-01,1045.8,1046.7179689584093,946
947,2018-01-02,1052.71,1056.006524358473,947
948,2018-01-03,1058.46,1062.8369183183725,948
949,2018-01-04,1071.41,1068.3630323748873,949
950,2018-01-05,1076.0,1081.0711360051146,950
951,2018-01-06,1083.46,1085.9452230596007,951
952,2018-01-07,814.8,1094.0687167844383,952
953,2018-01-08,62.63,818.798046429363,953
954,2018-04-10,226.8,78.36025453567451,954
955,2018-04-11,419.58,234.02242692591938,955
956,2018-04-12,460.22,428.3560833807031,956
957,2018-04-13,481.08,469.0246488118662,957
958,2018-04-14,495.03,489.8428630639755,958
959,2018-04-15,514.83,503.83104241859314,959
960,2018-04-16,543.89,523.6262679482124,960
961,2018-04-17,565.59,552.7330385552964,961
962,2018-04-18,581.61,574.4687098694046,962
963,2018-04-19,598.42,590.5165277329593,963
964,2018-04-20,620.21,607.2823448250147,964
965,2018-04-21,643.53,629.0600434246726,965
966,2018-04-22,670.85,652.3989884893756,966
967,2018-04-23,696.65,679.7246248704942,967
968,2018-04-24,719.39,705.5520771170857,968
969,2018-04-25,743.07,728.3524710335778,969
970,2018-04-26,755.61,752.0621275859369,970
971,2018-04-27,762.93,764.6541967718349,971
972,2018-04-28,769.58,772.0435674043654,972
973,2018-04-29,775.77,778.7077167662524,973
974,2018-04-30,780.53,784.9056011522566,974
975,2018-05-01,786.49,789.6871148011039,975
976,2018-05-02,792.42,795.7033881583418,976
977,2018-05-03,797.39,801.535013081138,977
978,2018-05-04,799.38,806.5058570710778,978
979,2018-05-05,800.95,808.7127409544896,979
980,2018-05-06,798.13,810.4774899281551,980
981,2018-05-07,803.01,807.6789171494906,981
982,2018-05-08,808.08,812.436432193151,982
983,2018-05-09,817.77,817.2964595504077,983
984,2018-05-10,829.56,826.9726150895758,984
985,2018-05-11,839.16,838.8333060534512,985
986,2018-05-12,844.47,848.4203896949964,986
987,2018-05-13,850.31,854.0307088990896,987
988,2018-05-14,856.19,859.8651180631459,988
989,2018-05-15,864.21,865.7885065173032,989
990,2018-05-16,870.82,873.8167394948405,990
991,2018-05-17,878.24,880.3990288191469,991
992,2018-05-18,878.24,887.8743174554234,992
993,2018-05-19,887.39,887.6518624036478,993
994,2018-05-20,894.68,896.9840169789718,994
995,2018-05-21,902.68,904.3609706870247,995
996,2018-05-22,909.54,912.3694467999558,996
997,2018-05-23,916.41,919.2232355841729,997
998,2018-05-24,932.91,925.9149391879621,998
999,2018-05-25,937.88,942.7804538935757,999
1000,2018-05-26,944.27,947.7977310852405,1000
1001,2018-05-27,954.65,954.1142128393715,1001
1002,2018-05-28,963.42,964.3404254045661,1002
1003,2018-05-29,973.18,972.9075961698311,1003
1004,2018-05-30,983.82,982.6972211757648,1004
1005,2018-05-31,996.25,993.3294899796495,1005
1006,2018-06-01,1014.38,1006.0466023533841,1006
1007,2018-06-02,1014.56,1024.5130277784988,1007
1008,2018-06-03,952.11,1024.3741354032213,1008
1009,2018-06-04,938.03,961.4216251805267,1009
1010,2018-06-05,918.46,947.060704751834,1010
1011,2018-06-06,921.0,927.4543603566171,1011
1012,2018-06-07,926.19,929.9969018235774,1012
1013,2018-06-08,937.09,935.0268984082616,1013
1014,2018-06-09,951.85,945.5335324759885,1014
1015,2018-06-10,935.62,960.161795831865,1015
1016,2018-06-11,935.62,945.0152414589056,1016
1017,2018-06-12,917.55,945.0119456873038,1017
1018,2018-06-13,924.48,926.9276528371736,1018
1019,2018-06-14,937.95,935.2124243086964,1019
1020,2018-06-15,950.71,948.710147759138,1020
1021,2018-06-16,960.97,961.4319008525424,1021
1022,2018-06-17,977.32,971.7617737709518,1022
1023,2018-06-18,983.29,988.06329404997,1023
1024,2018-06-19,995.6,994.0455704260376,1024
1025,2018-06-20,1012.28,1006.3902278874414,1025
1026,2018-06-21,1021.47,1023.0392305250025,1026
1027,2018-06-22,1037.79,1032.323105542696,1027
1028,2018-06-23,1044.31,1048.589766590406,1028
1029,2018-06-24,1055.92,1055.2072873114537,1029
1030,2018-06-25,1062.63,1066.7666224601364,1030
1031,2018-06-26,1071.51,1073.4115639324295,1031
1032,2018-06-27,1079.04,1082.3946029910715,1032
1033,2018-06-28,1082.52,1089.8534148561153,1033
1034,2018-06-29,1096.9,1093.3632991642453,1034
1035,2018-06-30,1104.04,1107.7777966278059,1035
1036,2018-07-01,1112.02,1114.8867421712296,1036
1037,2018-07-02,1126.98,1122.9882831871648,1037
1038,2018-07-03,1130.13,1137.8694689026868,1038
1039,2018-07-04,1130.13,1141.0780773872896,1039
1040,2018-07-05,1151.4,1141.012111155108,1040
1041,2018-07-06,1163.37,1162.4150274134442,1041
1042,2018-07-07,1172.59,1174.3692593297528,1042
1043,2018-07-08,1175.53,1183.594635607527,1043
1044,2018-07-09,1184.17,1186.4664451692124,1044
1045,2018-07-10,1188.62,1195.0807327834482,1045
1046,2018-07-11,1202.23,1199.625147440917,1046
1047,2018-07-12,1210.81,1213.1683467587814,1047
1048,2018-07-13,1222.82,1221.806913620589,1048
1049,2018-07-14,1224.86,1233.7673926879904,1049
1050,2018-07-15,1237.67,1235.7939241021802,1050
1051,2018-07-16,1240.31,1248.602336620019,1051
1052,2018-07-17,1254.24,1251.3216899349043,1052
1053,2018-07-18,1262.36,1265.2015335460496,1053
1054,2018-07-19,1274.54,1273.3684925502812,1054
1055,2018-07-20,1277.98,1285.5342998481337,1055
1056,2018-07-21,1276.3,1288.9519590403,1056
1057,2018-07-22,1234.23,1285.6655207186104,1057
1058,2018-07-23,1322.04,1244.633424978941,1058
1059,2018-07-24,1299.97,1333.1230603374534,1059
1060,2018-07-25,1313.69,1311.095146480432,1060
1061,2018-07-26,1320.71,1324.7895146091575,1061
1062,2018-07-27,1333.59,1331.849070677143,1062
1063,2018-07-28,1345.16,1344.7394044569953,1063
1064,2018-07-29,1355.04,1356.3091074209938,1064
1065,2018-07-30,1359.36,1366.2135712936545,1065
1066,2018-07-31,1369.1,1370.5491014515017,1066
1067,2018-08-01,1376.52,1380.2073481827188,1067
1068,2018-08-02,1376.52,1387.7028183783066,1068
1069,2018-08-03,1417.86,1387.6712285062354,1069
1070,2018-08-04,1428.24,1427.2903282837747,1070
1071,2018-08-05,1438.55,1438.037047357079,1071
1072,2018-08-06,1445.33,1448.027287041063,1072
1073,2018-08-07,1455.14,1455.239973547512,1073
1074,2018-08-08,1454.39,1464.574657821103,1074
1075,2018-08-09,1474.01,1464.3463237934993,1075
1076,2018-08-10,1477.18,1483.3876611474022,1076
1077,2018-08-11,1499.53,1487.09494201869,1077
1078,2018-08-12,1513.67,1509.0672031271513,1078
1079,2018-08-13,1532.64,1522.9836188842103,1079
1080,2018-08-14,1562.58,1541.9156975029543,1080
1081,2018-08-15,1588.98,1571.876192718238,1081
1082,2018-08-16,1607.61,1598.2428448853004,1082
1083,2018-08-17,1600.02,1616.8761353911657,1083
1084,2018-08-18,1580.64,1609.6884870911015,1084
1085,2018-08-19,1591.58,1590.83109929719,1085
1086,2018-08-20,1577.28,1600.9782778810056,1086
1087,2018-08-21,1590.17,1587.3042410791925,1087
1088,2018-08-22,1576.32,1600.1042569284168,1088
1089,2018-08-23,1587.47,1586.2674566602768,1089
1090,2018-08-24,1574.36,1596.7075777219723,1090
1091,2018-08-25,1594.08,1583.8365161892639,1091
1092,2018-08-26,1587.66,1603.2758101907948,1092
1093,2018-08-27,1603.43,1597.7452371220486,1093
1094,2018-08-28,1611.06,1612.7566989195043,1094
1095,2018-08-29,1625.45,1620.9231523276155,1095
1096,2018-08-30,1636.08,1635.4766179371575,1096
1097,2018-08-31,1646.73,1645.5589580842804,1097
1098,2018-09-01,1646.73,1655.8960079432125,1098
1099,2018-09-02,1668.37,1656.7796690263347,1099
1100,2018-09-03,1654.54,1677.6457218833461,1100
1101,2018-09-04,1676.91,1664.5954638330918,1101
1102,2018-09-05,1675.43,1686.3947841208671,1102
1103,2018-09-06,1716.04,1684.8884950600968,1103
1104,2018-09-07,1685.22,1725.2764353563025,1104
1105,2018-09-08,1730.24,1695.2868261065676,1105
1106,2018-09-09,1717.16,1739.5565332718763,1106
1107,2018-09-10,1743.17,1727.2565322358178,1107
1108,2018-09-11,1760.46,1752.6021676602413,1108
1109,2018-09-12,1753.89,1770.450288516665,1109
1110,2018-09-13,1816.37,1763.7620831731585,1110
1111,2018-09-14,1771.53,1825.6846688910457,1111
1112,2018-09-15,1837.69,1781.9203115933976,1112
1113,2018-09-16,1837.69,1847.31976196193,1113
1114,2018-09-17,1820.37,1847.96783010009,1114
1115,2018-09-18,1858.08,1830.3097913113684,1115
1116,2018-09-19,1804.33,1867.5163483174838,1116
1117,2018-09-20,1867.94,1814.7987501643352,1117
1118,2018-09-21,1839.51,1877.5507780964745,1118
1119,2018-09-22,1833.83,1849.969487820882,1119
1120,2018-09-23,1862.16,1843.8567443453385,1120
1121,2018-09-24,1798.06,1871.9877581030125,1121
1122,2018-09-25,1859.12,1808.1806558028907,1122
1123,2018-09-26,1817.41,1868.8619381845792,1123
1124,2018-09-27,1835.18,1828.045960965151,1124
1125,2018-09-28,1838.37,1844.9854799548168,1125
1126,2018-09-29,1785.81,1848.718695156722,1126
1127,2018-09-30,1845.79,1795.3103263043145,1127
1128,2018-10-01,1785.33,1855.4412616748289,1128
1129,2018-10-02,1785.33,1795.7414494267457,1129
1130,2018-10-03,1825.67,1795.032679082296,1130
1131,2018-10-04,1739.85,1835.182067004121,1131
1132,2018-10-05,1791.72,1750.1098586006462,1132
1133,2018-10-06,1791.72,1801.0685431119296,1133
1134,2018-10-07,1791.72,1801.551099813497,1134
1135,2018-10-08,1806.55,1801.8816868890674,1135
1136,2018-10-09,1796.36,1815.936091260436,1136
1137,2018-10-10,1722.33,1805.8288891151194,1137
1138,2018-10-11,1722.33,1732.3680937826716,1138
1139,2018-10-12,1809.48,1731.6870518846977,1139
1140,2018-10-13,1747.7,1818.7887602069047,1140
1141,2018-10-14,1713.17,1757.787860085748,1141
1142,2018-10-15,1803.72,1722.920849446665,1142
1143,2018-10-16,1768.23,1812.6189466449991,1143
1144,2018-10-17,1706.46,1778.110615050838,1144
1145,2018-10-18,1783.12,1716.4210683356443,1145
1146,2018-10-19,1760.7,1792.4731411157109,1146
1147,2018-10-20,1696.46,1770.7267447821778,1147
1148,2018-10-21,1765.6,1706.4398239578275,1148
1149,2018-10-22,1749.97,1774.8722266789239,1149
1150,2018-10-23,1681.6,1759.9717498880732,1150
1151,2018-10-24,1744.8,1691.1467906457008,1151
1152,2018-10-25,1750.4,1753.9966980315073,1152
1153,2018-10-26,1682.02,1760.3392942208548,1153
1154,2018-10-27,1745.9,1691.8778727355984,1154
1155,2018-10-28,1738.31,1755.0958295192981,1155
1156,2018-10-29,1668.01,1748.2045185476895,1156
1157,2018-10-30,1722.08,1677.7474130541918,1157
1158,2018-10-31,1722.08,1731.1766339035469,1158
1159,2018-11-01,1722.08,1731.8323860995056,1159
1160,2018-11-02,1714.97,1731.829458244729,1160
1161,2018-11-03,1727.15,1724.0451378482358,1161
1162,2018-11-04,1727.15,1736.919662503764,1162
1163,2018-11-05,1703.95,1736.8372519328957,1163
1164,2018-11-06,1729.92,1712.9943995697063,1164
1165,2018-11-07,1655.44,1739.7133855706359,1165
1166,2018-11-08,1661.39,1665.1393144713732,1166
1167,2018-11-09,1721.8,1670.7059942203232,1167
1168,2018-11-10,1698.43,1731.016420771202,1168
1169,2018-11-11,1647.98,1708.11840669374,1169
1170,2018-11-12,1724.65,1657.3738229634894,1170
1171,2018-11-13,1705.36,1734.040763548132,1171
1172,2018-11-14,1652.16,1715.3801828477324,1172
1173,2018-11-15,1711.28,1661.683963092127,1173
1174,2018-11-16,1690.52,1720.2247675183382,1174
1175,2018-11-17,1638.59,1700.2855179740675,1175
1176,2018-11-18,1698.36,1648.0752339778421,1176
1177,2018-11-19,1674.88,1707.323479196037,1177
1178,2018-11-20,1625.1,1684.5809741184128,1178
1179,2018-11-21,1676.83,1634.5347960760137,1179
1180,2018-11-22,1639.43,1685.736881834686,1180
1181,2018-11-23,1587.48,1649.12319205285,1181
1182,2018-11-24,1613.4,1596.885768732482,1182
1183,2018-11-25,1588.03,1622.9430805440043,1183
1184,2018-11-26,1618.74,1597.0496476196588,1184
1185,2018-11-27,1579.43,1627.5499088089628,1185
1186,2018-11-28,1558.12,1588.9610590457978,1186
1187,2018-11-29,1586.83,1567.246857247831,1187
1188,2018-11-30,1567.86,1595.718098186513,1188
1189,2018-12-01,1533.14,1577.1486048710221,1189
1190,2018-12-02,1574.72,1542.2094631713762,1190
1191,2018-12-03,1561.86,1583.2417939619359,1191
1192,2018-12-04,1521.92,1571.0909478239257,1192
1193,2018-12-05,1554.96,1531.1311869673145,1193
1194,2018-12-06,1555.53,1563.9100625112192,1194
1195,2018-12-07,1509.38,1564.5260916494797,1195
1196,2018-12-08,1559.58,1518.5416707325235,1196
1197,2018-12-09,1575.62,1567.943467601593,1197
1198,2018-12-10,1520.3,1584.5495949135827,1198
1199,2018-12-11,1578.62,1529.1522355381555,1199
1200,2018-12-12,1573.28,1587.1441976052226,1200
1201,2018-12-13,1530.27,1582.1248228244283,1201
1202,2018-12-14,1581.76,1539.2969349848222,1202
1203,2018-12-15,1566.69,1589.5805320684444,1203
1204,2018-12-16,1525.98,1574.5628230948435,1204
1205,2018-12-17,1581.06,1534.5147352127767,1205
1206,2018-12-18,1565.37,1589.289186567387,1206
1207,2018-12-19,1528.28,1573.6372635965683,1207
1208,2018-12-20,1577.8,1536.7146811753769,1208
1209,2018-12-21,1543.83,1585.4338152131534,1209
1210,2018-12-22,1531.07,1552.3714140645172,1210
1211,2018-12-23,1572.59,1539.3070499106743,1211
1212,2018-12-24,1545.6,1580.1921706862295,1212
1213,2018-12-25,1531.33,1554.1609862811695,1213
1214,2018-12-26,1557.62,1539.0304650727994,1214
1215,2018-12-27,1523.56,1565.204424718463,1215
1216,2018-12-28,1536.2,1532.0077187528045,1216
1217,2018-12-29,1530.05,1543.8163463523451,1217
1218,2018-12-30,172.89,1538.351693168352,1218
